Ticker,Strike,Bid,Ask,isPut,isFuture,BidSize,AskSize
SPX Index,0,2.324410e+03,2.325310e+03,0,0,0,0
ESH7 Index,0,2.322750e+03,2323,0,1,216,263
SPX US 3/17/2017 C300 Index,300,2.014900e+03,2027,0,0,12,12
SPX US 3/17/2017 C400 Index,400,1915,1.927100e+03,0,0,12,12
SPX US 3/17/2017 C500 Index,500,1.815100e+03,1.827200e+03,0,0,12,12
SPX US 3/17/2017 C600 Index,600,1.715200e+03,1.727300e+03,0,0,12,12
SPX US 3/17/2017 C700 Index,700,1.615300e+03,1.627400e+03,0,0,12,12
SPX US 3/17/2017 C750 Index,750,1.565400e+03,1.577400e+03,0,0,12,12
SPX US 3/17/2017 C800 Index,800,1.515400e+03,1.527500e+03,0,0,12,12
SPX US 3/17/2017 C850 Index,850,1.465400e+03,1.477500e+03,0,0,12,12
SPX US 3/17/2017 C900 Index,900,1.415500e+03,1.427600e+03,0,0,12,12
SPX US 3/17/2017 C950 Index,950,1.365500e+03,1.377600e+03,0,0,12,12
SPX US 3/17/2017 C1000 Index,1000,1.315600e+03,1.327700e+03,0,0,12,12
SPX US 3/17/2017 C1025 Index,1025,1.290600e+03,1.302700e+03,0,0,12,12
SPX US 3/17/2017 C1050 Index,1050,1.265600e+03,1.277700e+03,0,0,12,12
SPX US 3/17/2017 C1075 Index,1075,1.240700e+03,1.252700e+03,0,0,12,12
SPX US 3/17/2017 C1100 Index,1100,1.215700e+03,1.227800e+03,0,0,12,12
SPX US 3/17/2017 C1125 Index,1125,1.190700e+03,1.202800e+03,0,0,12,12
SPX US 3/17/2017 C1150 Index,1150,1.165700e+03,1.177800e+03,0,0,12,12
SPX US 3/17/2017 C1175 Index,1175,1.140800e+03,1.152800e+03,0,0,12,12
SPX US 3/17/2017 C1200 Index,1200,1.115800e+03,1.127900e+03,0,0,12,12
SPX US 3/17/2017 C1225 Index,1225,1.090800e+03,1.102900e+03,0,0,12,12
SPX US 3/17/2017 C1250 Index,1250,1.065800e+03,1.077900e+03,0,0,12,12
SPX US 3/17/2017 C1275 Index,1275,1.040900e+03,1.052900e+03,0,0,12,12
SPX US 3/17/2017 C1300 Index,1300,1.015900e+03,1028,0,0,12,12
SPX US 3/17/2017 C1325 Index,1325,9.909000e+02,1003,0,0,12,12
SPX US 3/17/2017 C1350 Index,1350,9.659000e+02,978,0,0,12,12
SPX US 3/17/2017 C1375 Index,1375,941,953,0,0,12,12
SPX US 3/17/2017 C1400 Index,1400,916,9.281000e+02,0,0,12,12
SPX US 3/17/2017 C1420 Index,1420,896,9.081000e+02,0,0,12,12
SPX US 3/17/2017 C1425 Index,1425,891,9.031000e+02,0,0,12,12
SPX US 3/17/2017 C1440 Index,1440,876,8.881000e+02,0,0,12,12
SPX US 3/17/2017 C1450 Index,1450,866,8.781000e+02,0,0,12,12
SPX US 3/17/2017 C1460 Index,1460,8.561000e+02,8.681000e+02,0,0,12,12
SPX US 3/17/2017 C1470 Index,1470,8.461000e+02,8.581000e+02,0,0,12,12
SPX US 3/17/2017 C1475 Index,1475,8.411000e+02,8.532000e+02,0,0,12,12
SPX US 3/17/2017 C1480 Index,1480,8.361000e+02,8.482000e+02,0,0,12,12
SPX US 3/17/2017 C1485 Index,1485,8.311000e+02,8.432000e+02,0,0,12,12
SPX US 3/17/2017 C1490 Index,1490,8.261000e+02,8.382000e+02,0,0,12,12
SPX US 3/17/2017 C1495 Index,1495,8.211000e+02,8.332000e+02,0,0,12,12
SPX US 3/17/2017 C1500 Index,1500,8.161000e+02,8.282000e+02,0,0,12,12
SPX US 3/17/2017 C1505 Index,1505,8.111000e+02,8.232000e+02,0,0,12,12
SPX US 3/17/2017 C1510 Index,1510,8.061000e+02,8.182000e+02,0,0,12,12
SPX US 3/17/2017 C1515 Index,1515,8.011000e+02,8.132000e+02,0,0,12,12
SPX US 3/17/2017 C1520 Index,1520,7.961000e+02,8.082000e+02,0,0,12,12
SPX US 3/17/2017 C1525 Index,1525,7.911000e+02,8.032000e+02,0,0,12,12
SPX US 3/17/2017 C1530 Index,1530,7.862000e+02,7.982000e+02,0,0,12,12
SPX US 3/17/2017 C1535 Index,1535,7.812000e+02,7.932000e+02,0,0,12,12
SPX US 3/17/2017 C1540 Index,1540,7.762000e+02,7.882000e+02,0,0,12,12
SPX US 3/17/2017 C1545 Index,1545,7.712000e+02,7.832000e+02,0,0,12,12
SPX US 3/17/2017 C1550 Index,1550,7.662000e+02,7.782000e+02,0,0,12,12
SPX US 3/17/2017 C1555 Index,1555,7.612000e+02,7.733000e+02,0,0,12,12
SPX US 3/17/2017 C1560 Index,1560,7.562000e+02,7.683000e+02,0,0,12,12
SPX US 3/17/2017 C1565 Index,1565,7.512000e+02,7.633000e+02,0,0,12,12
SPX US 3/17/2017 C1570 Index,1570,7.462000e+02,7.583000e+02,0,0,12,12
SPX US 3/17/2017 C1575 Index,1575,7.412000e+02,7.533000e+02,0,0,12,12
SPX US 3/17/2017 C1580 Index,1580,7.362000e+02,7.483000e+02,0,0,12,12
SPX US 3/17/2017 C1585 Index,1585,7.312000e+02,7.433000e+02,0,0,12,12
SPX US 3/17/2017 C1590 Index,1590,7.262000e+02,7.383000e+02,0,0,12,12
SPX US 3/17/2017 C1595 Index,1595,7.212000e+02,7.333000e+02,0,0,12,12
SPX US 3/17/2017 C1600 Index,1600,7.163000e+02,7.283000e+02,0,0,12,12
SPX US 3/17/2017 C1605 Index,1605,7.113000e+02,7.233000e+02,0,0,12,12
SPX US 3/17/2017 C1610 Index,1610,7.063000e+02,7.183000e+02,0,0,12,12
SPX US 3/17/2017 C1615 Index,1615,7.013000e+02,7.133000e+02,0,0,12,12
SPX US 3/17/2017 C1620 Index,1620,6.963000e+02,7.083000e+02,0,0,12,12
SPX US 3/17/2017 C1625 Index,1625,6.913000e+02,7.034000e+02,0,0,12,12
SPX US 3/17/2017 C1630 Index,1630,6.863000e+02,6.984000e+02,0,0,12,12
SPX US 3/17/2017 C1635 Index,1635,6.813000e+02,6.934000e+02,0,0,12,12
SPX US 3/17/2017 C1640 Index,1640,6.763000e+02,6.884000e+02,0,0,12,12
SPX US 3/17/2017 C1645 Index,1645,6.713000e+02,6.834000e+02,0,0,12,12
SPX US 3/17/2017 C1650 Index,1650,6.663000e+02,6.784000e+02,0,0,12,12
SPX US 3/17/2017 C1655 Index,1655,6.587000e+02,678,0,0,1,1
SPX US 3/17/2017 C1660 Index,1660,6.537000e+02,673,0,0,1,1
SPX US 3/17/2017 C1665 Index,1665,6.487000e+02,668,0,0,1,1
SPX US 3/17/2017 C1670 Index,1670,6.438000e+02,6.631000e+02,0,0,1,1
SPX US 3/17/2017 C1675 Index,1675,6.388000e+02,6.581000e+02,0,0,1,1
SPX US 3/17/2017 C1680 Index,1680,6.338000e+02,6.531000e+02,0,0,1,1
SPX US 3/17/2017 C1685 Index,1685,6.288000e+02,6.481000e+02,0,0,1,1
SPX US 3/17/2017 C1690 Index,1690,6.238000e+02,6.431000e+02,0,0,1,1
SPX US 3/17/2017 P1690 Index,1690,0,3.500000e-01,1,0,0,10
SPX US 3/17/2017 C1695 Index,1695,6.188000e+02,6.381000e+02,0,0,1,1
SPX US 3/17/2017 C1700 Index,1700,6.138000e+02,6.331000e+02,0,0,1,1
SPX US 3/17/2017 C1705 Index,1705,6.088000e+02,6.281000e+02,0,0,2,1
SPX US 3/17/2017 C1710 Index,1710,6.038000e+02,6.231000e+02,0,0,2,1
SPX US 3/17/2017 C1715 Index,1715,5.988000e+02,6.181000e+02,0,0,2,1
SPX US 3/17/2017 C1720 Index,1720,5.938000e+02,6.131000e+02,0,0,2,1
SPX US 3/17/2017 C1725 Index,1725,5.889000e+02,6.082000e+02,0,0,1,1
SPX US 3/17/2017 C1730 Index,1730,5.839000e+02,6.032000e+02,0,0,1,1
SPX US 3/17/2017 C1735 Index,1735,5.789000e+02,5.982000e+02,0,0,1,1
SPX US 3/17/2017 C1740 Index,1740,5.739000e+02,5.932000e+02,0,0,1,1
SPX US 3/17/2017 C1745 Index,1745,5.689000e+02,5.882000e+02,0,0,1,1
SPX US 3/17/2017 P1745 Index,1745,1.500000e-01,3.000000e-01,1,0,200,10
SPX US 3/17/2017 C1750 Index,1750,5.639000e+02,5.832000e+02,0,0,1,1
SPX US 3/17/2017 C1755 Index,1755,5.589000e+02,5.782000e+02,0,0,1,1
SPX US 3/17/2017 C1760 Index,1760,5.539000e+02,5.732000e+02,0,0,1,1
SPX US 3/17/2017 C1765 Index,1765,5.489000e+02,5.682000e+02,0,0,2,1
SPX US 3/17/2017 C1770 Index,1770,544,5.633000e+02,0,0,1,1
SPX US 3/17/2017 C1775 Index,1775,539,5.583000e+02,0,0,1,1
SPX US 3/17/2017 C1780 Index,1780,534,5.533000e+02,0,0,1,1
SPX US 3/17/2017 C1785 Index,1785,529,5.483000e+02,0,0,1,1
SPX US 3/17/2017 C1790 Index,1790,524,5.433000e+02,0,0,1,1
SPX US 3/17/2017 C1795 Index,1795,519,5.383000e+02,0,0,1,1
SPX US 3/17/2017 C1800 Index,1800,514,5.333000e+02,0,0,1,1
SPX US 3/17/2017 C1805 Index,1805,509,5.283000e+02,0,0,1,1
SPX US 3/17/2017 C1810 Index,1810,5.041000e+02,5.234000e+02,0,0,1,1
SPX US 3/17/2017 C1815 Index,1815,4.991000e+02,5.184000e+02,0,0,1,1
SPX US 3/17/2017 C1820 Index,1820,4.941000e+02,5.134000e+02,0,0,1,1
SPX US 3/17/2017 C1825 Index,1825,4.891000e+02,5.084000e+02,0,0,1,1
SPX US 3/17/2017 C1830 Index,1830,4.841000e+02,5.034000e+02,0,0,1,1
SPX US 3/17/2017 C1835 Index,1835,4.791000e+02,4.984000e+02,0,0,1,1
SPX US 3/17/2017 C1840 Index,1840,4.742000e+02,4.935000e+02,0,0,1,1
SPX US 3/17/2017 C1845 Index,1845,4.692000e+02,4.885000e+02,0,0,1,1
SPX US 3/17/2017 C1850 Index,1850,4.642000e+02,4.835000e+02,0,0,1,1
SPX US 3/17/2017 C1855 Index,1855,4.592000e+02,4.785000e+02,0,0,1,1
SPX US 3/17/2017 C1860 Index,1860,454,4.733000e+02,0,0,1,1
SPX US 3/17/2017 C1865 Index,1865,4.492000e+02,4.685000e+02,0,0,1,1
SPX US 3/17/2017 C1870 Index,1870,4.443000e+02,4.636000e+02,0,0,1,1
SPX US 3/17/2017 C1875 Index,1875,4.393000e+02,4.586000e+02,0,0,1,1
SPX US 3/17/2017 C1880 Index,1880,4.343000e+02,4.536000e+02,0,0,1,1
SPX US 3/17/2017 C1885 Index,1885,4.293000e+02,4.486000e+02,0,0,1,1
SPX US 3/17/2017 C1890 Index,1890,4.243000e+02,4.436000e+02,0,0,1,1
SPX US 3/17/2017 C1895 Index,1895,4.193000e+02,4.386000e+02,0,0,1,1
SPX US 3/17/2017 C1900 Index,1900,4.144000e+02,4.337000e+02,0,0,1,1
SPX US 3/17/2017 C1905 Index,1905,4.094000e+02,4.287000e+02,0,0,1,1
SPX US 3/17/2017 C1910 Index,1910,4.044000e+02,4.237000e+02,0,0,1,1
SPX US 3/17/2017 C1915 Index,1915,3.994000e+02,4.187000e+02,0,0,1,1
SPX US 3/17/2017 P1915 Index,1915,3.500000e-01,8.000000e-01,1,0,54,9
SPX US 3/17/2017 C1920 Index,1920,3.944000e+02,4.137000e+02,0,0,1,1
SPX US 3/17/2017 C1925 Index,1925,3.895000e+02,4.088000e+02,0,0,1,1
SPX US 3/17/2017 C1930 Index,1930,3.845000e+02,4.038000e+02,0,0,1,1
SPX US 3/17/2017 C1935 Index,1935,3.794000e+02,3.986000e+02,0,0,1,1
SPX US 3/17/2017 C1940 Index,1940,3.744000e+02,3.936000e+02,0,0,1,1
SPX US 3/17/2017 P1940 Index,1940,5.000000e-01,9.000000e-01,1,0,57,8
SPX US 3/17/2017 C1945 Index,1945,3.696000e+02,3.889000e+02,0,0,1,1
SPX US 3/17/2017 C1950 Index,1950,3.646000e+02,3.839000e+02,0,0,1,1
SPX US 3/17/2017 C1955 Index,1955,3.595000e+02,3.787000e+02,0,0,1,1
SPX US 3/17/2017 P1955 Index,1955,5.000000e-01,9.500000e-01,1,0,53,8
SPX US 3/17/2017 C1960 Index,1960,3.546000e+02,3.737000e+02,0,0,1,1
SPX US 3/17/2017 P1960 Index,1960,5.500000e-01,1,1,0,53,8
SPX US 3/17/2017 C1965 Index,1965,3.496000e+02,3.689000e+02,0,0,2,1
SPX US 3/17/2017 P1965 Index,1965,5.500000e-01,1,1,0,53,53
SPX US 3/17/2017 C1970 Index,1970,3.447000e+02,364,0,0,1,1
SPX US 3/17/2017 P1970 Index,1970,5.500000e-01,1,1,0,52,52
SPX US 3/17/2017 C1975 Index,1975,3.397000e+02,359,0,0,2,1
SPX US 3/17/2017 P1975 Index,1975,6.500000e-01,1.050000e+00,1,0,60,10
SPX US 3/17/2017 C1980 Index,1980,3.348000e+02,3.541000e+02,0,0,1,1
SPX US 3/17/2017 P1980 Index,1980,5.500000e-01,1.050000e+00,1,0,55,10
SPX US 3/17/2017 C1985 Index,1985,3.298000e+02,3.491000e+02,0,0,1,1
SPX US 3/17/2017 P1985 Index,1985,6.500000e-01,1.100000e+00,1,0,51,7
SPX US 3/17/2017 C1990 Index,1990,3.248000e+02,3.441000e+02,0,0,2,1
SPX US 3/17/2017 C1995 Index,1995,3.199000e+02,3.392000e+02,0,0,1,1
SPX US 3/17/2017 P1995 Index,1995,6.000000e-01,1.150000e+00,1,0,54,10
SPX US 3/17/2017 C2000 Index,2000,3.148000e+02,3.341000e+02,0,0,2,1
SPX US 3/17/2017 C2005 Index,2005,3.099000e+02,3.292000e+02,0,0,2,1
SPX US 3/17/2017 P2005 Index,2005,7.000000e-01,1.200000e+00,1,0,54,10
SPX US 3/17/2017 C2010 Index,2010,3.049000e+02,3.242000e+02,0,0,2,1
SPX US 3/17/2017 P2010 Index,2010,7.000000e-01,1.200000e+00,1,0,54,10
SPX US 3/17/2017 C2015 Index,2015,2.999000e+02,3.192000e+02,0,0,2,1
SPX US 3/17/2017 P2015 Index,2015,7.500000e-01,1.250000e+00,1,0,54,10
SPX US 3/17/2017 C2020 Index,2020,2.949000e+02,3.141000e+02,0,0,1,1
SPX US 3/17/2017 P2020 Index,2020,7.500000e-01,1.250000e+00,1,0,54,10
SPX US 3/17/2017 C2025 Index,2025,290,3.091000e+02,0,0,1,1
SPX US 3/17/2017 C2030 Index,2030,2.851000e+02,3.044000e+02,0,0,1,1
SPX US 3/17/2017 P2030 Index,2030,8.500000e-01,1.350000e+00,1,0,54,10
SPX US 3/17/2017 C2035 Index,2035,280,2.992000e+02,0,0,1,1
SPX US 3/17/2017 P2035 Index,2035,8.500000e-01,1.350000e+00,1,0,54,54
SPX US 3/17/2017 C2040 Index,2040,2.751000e+02,2.942000e+02,0,0,1,1
SPX US 3/17/2017 P2040 Index,2040,9.000000e-01,1.400000e+00,1,0,54,54
SPX US 3/17/2017 C2045 Index,2045,2.702000e+02,2.895000e+02,0,0,1,1
SPX US 3/17/2017 P2045 Index,2045,9.500000e-01,1.450000e+00,1,0,54,114
SPX US 3/17/2017 C2050 Index,2050,2.653000e+02,2.846000e+02,0,0,1,1
SPX US 3/17/2017 C2055 Index,2055,2.602000e+02,2.794000e+02,0,0,1,1
SPX US 3/17/2017 P2055 Index,2055,1,1.500000e+00,1,0,54,54
SPX US 3/17/2017 C2060 Index,2060,2.553000e+02,2.746000e+02,0,0,1,1
SPX US 3/17/2017 P2060 Index,2060,1.100000e+00,1.550000e+00,1,0,54,54
SPX US 3/17/2017 C2065 Index,2065,2.504000e+02,2.697000e+02,0,0,1,1
SPX US 3/17/2017 P2065 Index,2065,1.100000e+00,1.600000e+00,1,0,54,54
SPX US 3/17/2017 C2070 Index,2070,2.456000e+02,2.649000e+02,0,0,1,1
SPX US 3/17/2017 P2070 Index,2070,1.150000e+00,1.650000e+00,1,0,54,54
SPX US 3/17/2017 C2075 Index,2075,2.405000e+02,2.598000e+02,0,0,1,1
SPX US 3/17/2017 P2075 Index,2075,1.200000e+00,1.600000e+00,1,0,54,54
SPX US 3/17/2017 C2080 Index,2080,2.354000e+02,2.538000e+02,0,0,1,1
SPX US 3/17/2017 P2080 Index,2080,1.250000e+00,1.750000e+00,1,0,54,197
SPX US 3/17/2017 C2085 Index,2085,2.337000e+02,2.466000e+02,0,0,1,1
SPX US 3/17/2017 P2085 Index,2085,1.300000e+00,1.800000e+00,1,0,54,197
SPX US 3/17/2017 C2090 Index,2090,2.288000e+02,2.401000e+02,0,0,1,1
SPX US 3/17/2017 P2090 Index,2090,1.350000e+00,1.850000e+00,1,0,54,54
SPX US 3/17/2017 C2095 Index,2095,2.238000e+02,2.367000e+02,0,0,1,1
SPX US 3/17/2017 P2095 Index,2095,1.400000e+00,1.900000e+00,1,0,54,54
SPX US 3/17/2017 C2100 Index,2100,2.179000e+02,2.308000e+02,0,0,1,1
SPX US 3/17/2017 P2100 Index,2100,1.450000e+00,1.950000e+00,1,0,54,54
SPX US 3/17/2017 C2105 Index,2105,2.129000e+02,2.258000e+02,0,0,1,1
SPX US 3/17/2017 P2105 Index,2105,1.500000e+00,2.050000e+00,1,0,54,197
SPX US 3/17/2017 C2110 Index,2110,2.075000e+02,2.204000e+02,0,0,1,1
SPX US 3/17/2017 P2110 Index,2110,1.550000e+00,2.100000e+00,1,0,54,54
SPX US 3/17/2017 C2115 Index,2115,2.041000e+02,217,0,0,1,1
SPX US 3/17/2017 P2115 Index,2115,1.650000e+00,2.200000e+00,1,0,54,197
SPX US 3/17/2017 C2120 Index,2120,1.995000e+02,2.121000e+02,0,0,1,1
SPX US 3/17/2017 P2120 Index,2120,1.700000e+00,2.250000e+00,1,0,54,54
SPX US 3/17/2017 C2125 Index,2125,1.946000e+02,2.071000e+02,0,0,1,1
SPX US 3/17/2017 P2125 Index,2125,1.750000e+00,2.350000e+00,1,0,54,197
SPX US 3/17/2017 C2130 Index,2130,1.897000e+02,2.022000e+02,0,0,1,1
SPX US 3/17/2017 P2130 Index,2130,1.850000e+00,2.450000e+00,1,0,54,54
SPX US 3/17/2017 C2135 Index,2135,1.848000e+02,1.973000e+02,0,0,1,1
SPX US 3/17/2017 P2135 Index,2135,1.900000e+00,2.500000e+00,1,0,54,54
SPX US 3/17/2017 C2140 Index,2140,1.799000e+02,1.924000e+02,0,0,1,1
SPX US 3/17/2017 P2140 Index,2140,2,2.650000e+00,1,0,54,54
SPX US 3/17/2017 C2145 Index,2145,175,1.875000e+02,0,0,1,1
SPX US 3/17/2017 P2145 Index,2145,2.100000e+00,2.750000e+00,1,0,54,197
SPX US 3/17/2017 C2150 Index,2150,1.701000e+02,1.826000e+02,0,0,1,1
SPX US 3/17/2017 P2150 Index,2150,2.150000e+00,2.850000e+00,1,0,197,197
SPX US 3/17/2017 C2155 Index,2155,1.652000e+02,1.778000e+02,0,0,1,1
SPX US 3/17/2017 P2155 Index,2155,2.250000e+00,2.950000e+00,1,0,197,54
SPX US 3/17/2017 C2160 Index,2160,1.603000e+02,1.729000e+02,0,0,1,1
SPX US 3/17/2017 P2160 Index,2160,2.400000e+00,3.100000e+00,1,0,197,197
SPX US 3/17/2017 C2165 Index,2165,1.555000e+02,1.666000e+02,0,0,1,1
SPX US 3/17/2017 P2165 Index,2165,2.500000e+00,3.300000e+00,1,0,197,197
SPX US 3/17/2017 C2170 Index,2170,1.506000e+02,1.631000e+02,0,0,1,1
SPX US 3/17/2017 P2170 Index,2170,2.650000e+00,3.400000e+00,1,0,197,197
SPX US 3/17/2017 C2175 Index,2175,1.458000e+02,1.583000e+02,0,0,1,1
SPX US 3/17/2017 P2175 Index,2175,2.800000e+00,3.600000e+00,1,0,197,197
SPX US 3/17/2017 C2180 Index,2180,1.409000e+02,1.534000e+02,0,0,1,1
SPX US 3/17/2017 P2180 Index,2180,3,3.700000e+00,1,0,54,187
SPX US 3/17/2017 C2185 Index,2185,1.361000e+02,1.484000e+02,0,0,1,1
SPX US 3/17/2017 P2185 Index,2185,3.100000e+00,3.900000e+00,1,0,197,187
SPX US 3/17/2017 C2190 Index,2190,1.313000e+02,1.436000e+02,0,0,1,1
SPX US 3/17/2017 P2190 Index,2190,3.300000e+00,4.100000e+00,1,0,197,187
SPX US 3/17/2017 C2195 Index,2195,1.265000e+02,139,0,0,1,1
SPX US 3/17/2017 P2195 Index,2195,3.500000e+00,4.300000e+00,1,0,197,187
SPX US 3/17/2017 C2200 Index,2200,1.217000e+02,1.339000e+02,0,0,1,1
SPX US 3/17/2017 P2200 Index,2200,3.700000e+00,4.600000e+00,1,0,197,187
SPX US 3/17/2017 C2205 Index,2205,117,1.292000e+02,0,0,1,1
SPX US 3/17/2017 P2205 Index,2205,4,4.800000e+00,1,0,187,197
SPX US 3/17/2017 C2210 Index,2210,1.135000e+02,1.216000e+02,0,0,1,1
SPX US 3/17/2017 P2210 Index,2210,4.300000e+00,5.100000e+00,1,0,188,187
SPX US 3/17/2017 C2215 Index,2215,1.112000e+02,1.142000e+02,0,0,49,49
SPX US 3/17/2017 P2215 Index,2215,4.500000e+00,5.400000e+00,1,0,197,187
SPX US 3/17/2017 C2220 Index,2220,1.038000e+02,1.124000e+02,0,0,1,1
SPX US 3/17/2017 P2220 Index,2220,4.900000e+00,5.600000e+00,1,0,187,48
SPX US 3/17/2017 C2225 Index,2225,9.890000e+01,1.075000e+02,0,0,1,1
SPX US 3/17/2017 P2225 Index,2225,5.200000e+00,6.100000e+00,1,0,186,186
SPX US 3/17/2017 C2230 Index,2230,9.540000e+01,1.028000e+02,0,0,1,1
SPX US 3/17/2017 P2230 Index,2230,5.600000e+00,6.500000e+00,1,0,186,186
SPX US 3/17/2017 C2235 Index,2235,9.050000e+01,9.820000e+01,0,0,1,1
SPX US 3/17/2017 P2235 Index,2235,6,6.900000e+00,1,0,186,186
SPX US 3/17/2017 C2240 Index,2240,8.620000e+01,9.370000e+01,0,0,1,1
SPX US 3/17/2017 P2240 Index,2240,6.400000e+00,7.300000e+00,1,0,186,186
SPX US 3/17/2017 C2245 Index,2245,8.170000e+01,8.920000e+01,0,0,1,1
SPX US 3/17/2017 P2245 Index,2245,6.900000e+00,7.800000e+00,1,0,186,186
SPX US 3/17/2017 C2250 Index,2250,7.680000e+01,8.470000e+01,0,0,1,1
SPX US 3/17/2017 P2250 Index,2250,7.600000e+00,8.400000e+00,1,0,93,204
SPX US 3/17/2017 C2255 Index,2255,7.210000e+01,8.020000e+01,0,0,53,1
SPX US 3/17/2017 P2255 Index,2255,7.900000e+00,9,1,0,204,204
SPX US 3/17/2017 C2260 Index,2260,6.790000e+01,7.580000e+01,0,0,53,1
SPX US 3/17/2017 P2260 Index,2260,8.500000e+00,9.600000e+00,1,0,204,204
SPX US 3/17/2017 C2265 Index,2265,6.390000e+01,7.150000e+01,0,0,1,58
SPX US 3/17/2017 P2265 Index,2265,9.400000e+00,1.010000e+01,1,0,173,1
SPX US 3/17/2017 C2270 Index,2270,60,6.720000e+01,0,0,1,1
SPX US 3/17/2017 P2270 Index,2270,1.020000e+01,11,1,0,173,173
SPX US 3/17/2017 C2275 Index,2275,5.580000e+01,6.290000e+01,0,0,1,53
SPX US 3/17/2017 P2275 Index,2275,11,1.190000e+01,1,0,173,173
SPX US 3/17/2017 C2280 Index,2280,5.220000e+01,5.870000e+01,0,0,1,53
SPX US 3/17/2017 P2280 Index,2280,1.190000e+01,1.270000e+01,1,0,173,1
SPX US 3/17/2017 C2285 Index,2285,4.780000e+01,5.450000e+01,0,0,57,53
SPX US 3/17/2017 P2285 Index,2285,1.290000e+01,1.380000e+01,1,0,172,172
SPX US 3/17/2017 C2290 Index,2290,44,5.050000e+01,0,0,53,53
SPX US 3/17/2017 P2290 Index,2290,14,1.490000e+01,1,0,225,172
SPX US 3/17/2017 C2295 Index,2295,4.040000e+01,4.660000e+01,0,0,53,53
SPX US 3/17/2017 P2295 Index,2295,1.520000e+01,1.610000e+01,1,0,172,172
SPX US 3/17/2017 C2300 Index,2300,3.830000e+01,4.120000e+01,0,0,292,292
SPX US 3/17/2017 P2300 Index,2300,1.650000e+01,1.750000e+01,1,0,172,172
SPX US 3/17/2017 C2305 Index,2305,3.510000e+01,3.760000e+01,0,0,318,318
SPX US 3/17/2017 P2305 Index,2305,1.790000e+01,1.890000e+01,1,0,172,172
SPX US 3/17/2017 C2310 Index,2310,3.210000e+01,3.340000e+01,0,0,171,171
SPX US 3/17/2017 P2310 Index,2310,1.950000e+01,2.050000e+01,1,0,172,172
SPX US 3/17/2017 C2315 Index,2315,2.880000e+01,3.010000e+01,0,0,171,171
SPX US 3/17/2017 P2315 Index,2315,2.120000e+01,2.230000e+01,1,0,172,172
SPX US 3/17/2017 C2320 Index,2320,26,2.710000e+01,0,0,1,172
SPX US 3/17/2017 P2320 Index,2320,2.310000e+01,2.430000e+01,1,0,172,172
SPX US 3/17/2017 C2325 Index,2325,2.290000e+01,2.410000e+01,0,0,172,172
SPX US 3/17/2017 P2325 Index,2325,2.510000e+01,2.630000e+01,1,0,172,172
SPX US 3/17/2017 C2330 Index,2330,2.020000e+01,2.190000e+01,0,0,172,328
SPX US 3/17/2017 P2330 Index,2330,2.740000e+01,2.860000e+01,1,0,171,171
SPX US 3/17/2017 C2335 Index,2335,1.770000e+01,1.950000e+01,0,0,172,341
SPX US 3/17/2017 P2335 Index,2335,2.980000e+01,3.120000e+01,1,0,171,171
SPX US 3/17/2017 C2340 Index,2340,1.550000e+01,1.710000e+01,0,0,172,341
SPX US 3/17/2017 P2340 Index,2340,3.180000e+01,3.460000e+01,1,0,317,317
SPX US 3/17/2017 C2345 Index,2345,1.340000e+01,1.490000e+01,0,0,172,338
SPX US 3/17/2017 P2345 Index,2345,3.470000e+01,3.730000e+01,1,0,288,288
SPX US 3/17/2017 C2350 Index,2350,1.130000e+01,1.280000e+01,0,0,328,328
SPX US 3/17/2017 P2350 Index,2350,36,4.230000e+01,1,0,57,53
SPX US 3/17/2017 C2355 Index,2355,9.900000e+00,1.110000e+01,0,0,173,306
SPX US 3/17/2017 P2355 Index,2355,3.910000e+01,4.580000e+01,1,0,57,53
SPX US 3/17/2017 C2360 Index,2360,8.400000e+00,9.300000e+00,0,0,173,155
SPX US 3/17/2017 P2360 Index,2360,4.240000e+01,4.950000e+01,1,0,57,53
SPX US 3/17/2017 C2365 Index,2365,7,8.100000e+00,0,0,204,204
SPX US 3/17/2017 P2365 Index,2365,4.580000e+01,5.340000e+01,1,0,57,53
SPX US 3/17/2017 C2370 Index,2370,5.900000e+00,6.900000e+00,0,0,204,204
SPX US 3/17/2017 P2370 Index,2370,4.950000e+01,5.740000e+01,1,0,57,1
SPX US 3/17/2017 C2375 Index,2375,5,6,0,0,204,204
SPX US 3/17/2017 P2375 Index,2375,5.360000e+01,6.150000e+01,1,0,1,1
SPX US 3/17/2017 C2380 Index,2380,4.200000e+00,5.100000e+00,0,0,204,204
SPX US 3/17/2017 P2380 Index,2380,5.770000e+01,6.530000e+01,1,0,1,1
SPX US 3/17/2017 C2385 Index,2385,3.700000e+00,4.300000e+00,0,0,53,62
SPX US 3/17/2017 P2385 Index,2385,6.230000e+01,6.990000e+01,1,0,1,1
SPX US 3/17/2017 C2390 Index,2390,3,3.800000e+00,0,0,205,215
SPX US 3/17/2017 P2390 Index,2390,6.670000e+01,7.440000e+01,1,0,1,1
SPX US 3/17/2017 C2395 Index,2395,2.500000e+00,3.300000e+00,0,0,205,215
SPX US 3/17/2017 P2395 Index,2395,7.130000e+01,7.940000e+01,1,0,1,1
SPX US 3/17/2017 C2400 Index,2400,2.100000e+00,2.850000e+00,0,0,205,205
SPX US 3/17/2017 P2400 Index,2400,7.590000e+01,8.310000e+01,1,0,1,1
SPX US 3/17/2017 C2405 Index,2405,1.750000e+00,2.500000e+00,0,0,205,215
SPX US 3/17/2017 P2405 Index,2405,8.060000e+01,8.870000e+01,1,0,1,2
SPX US 3/17/2017 P2410 Index,2410,8.530000e+01,9.250000e+01,1,0,1,1
SPX US 3/17/2017 C2415 Index,2415,1.250000e+00,1.900000e+00,0,0,215,67
SPX US 3/17/2017 P2415 Index,2415,90,9.720000e+01,1,0,1,1
SPX US 3/17/2017 C2420 Index,2420,1.100000e+00,1.700000e+00,0,0,70,67
SPX US 3/17/2017 P2420 Index,2420,9.460000e+01,102,1,0,1,1
SPX US 3/17/2017 C2425 Index,2425,1,1.500000e+00,0,0,62,62
SPX US 3/17/2017 P2425 Index,2425,1.019000e+02,1.053000e+02,1,0,50,53
SPX US 3/17/2017 C2430 Index,2430,7.500000e-01,1.350000e+00,0,0,71,66
SPX US 3/17/2017 P2430 Index,2430,1.043000e+02,1.117000e+02,1,0,1,1
SPX US 3/17/2017 C2435 Index,2435,7.000000e-01,1.250000e+00,0,0,72,72
SPX US 3/17/2017 P2435 Index,2435,1.089000e+02,1.167000e+02,1,0,1,1
SPX US 3/17/2017 C2440 Index,2440,6.000000e-01,1.150000e+00,0,0,66,63
SPX US 3/17/2017 P2440 Index,2440,1.137000e+02,1.215000e+02,1,0,1,1
SPX US 3/17/2017 C2445 Index,2445,5.000000e-01,9.500000e-01,0,0,66,61
SPX US 3/17/2017 P2445 Index,2445,1.171000e+02,1.278000e+02,1,0,57,1
SPX US 3/17/2017 P2450 Index,2450,122,1.328000e+02,1,0,57,1
SPX US 3/17/2017 C2455 Index,2455,3.500000e-01,8.000000e-01,0,0,62,58
SPX US 3/17/2017 P2455 Index,2455,1.269000e+02,1.377000e+02,1,0,57,1
SPX US 3/17/2017 C2460 Index,2460,3.000000e-01,7.000000e-01,0,0,28,40
SPX US 3/17/2017 P2460 Index,2460,1.318000e+02,1.426000e+02,1,0,57,1
SPX US 3/17/2017 C2465 Index,2465,2.500000e-01,6.500000e-01,0,0,28,34
SPX US 3/17/2017 P2465 Index,2465,1.367000e+02,1.475000e+02,1,0,57,1
SPX US 3/17/2017 P2470 Index,2470,1.416000e+02,1.525000e+02,1,0,12,1
SPX US 3/17/2017 P2475 Index,2475,1.465000e+02,1.574000e+02,1,0,12,1
SPX US 3/17/2017 P2480 Index,2480,1.515000e+02,1.624000e+02,1,0,12,1
SPX US 3/17/2017 P2485 Index,2485,1.564000e+02,1.673000e+02,1,0,12,1
SPX US 3/17/2017 P2490 Index,2490,1.614000e+02,1.723000e+02,1,0,12,1
SPX US 3/17/2017 P2495 Index,2495,1.664000e+02,1.773000e+02,1,0,12,1
SPX US 3/17/2017 P2500 Index,2500,1.713000e+02,1.823000e+02,1,0,1,1
SPX US 3/17/2017 P2505 Index,2505,1.763000e+02,1.872000e+02,1,0,12,1
SPX US 3/17/2017 P2510 Index,2510,1.813000e+02,1.922000e+02,1,0,12,1
SPX US 3/17/2017 P2515 Index,2515,1.862000e+02,1.972000e+02,1,0,1,1
SPX US 3/17/2017 P2520 Index,2520,1.912000e+02,2.022000e+02,1,0,1,1
SPX US 3/17/2017 P2525 Index,2525,1.962000e+02,2.071000e+02,1,0,12,1
SPX US 3/17/2017 P2530 Index,2530,2.012000e+02,2.121000e+02,1,0,12,1
SPX US 3/17/2017 P2550 Index,2550,221,233,1,0,12,1
SPX US 3/17/2017 P2575 Index,2575,2.459000e+02,258,1,0,12,12
SPX US 3/17/2017 P2600 Index,2600,2.709000e+02,2.829000e+02,1,0,12,12
SPX US 3/17/2017 P2650 Index,2650,3.208000e+02,3.328000e+02,1,0,12,12
SPX US 3/17/2017 P2700 Index,2700,3.707000e+02,3.828000e+02,1,0,12,12
SPX US 3/17/2017 P2800 Index,2800,4.706000e+02,4.827000e+02,1,0,12,12
